Problem,Greedy_profit,Greedy_weight,Greedy_time,BF_profit,BF_weight,BF_time,B&B_profit,B&B_weight,B&B_time,DP_profit,DP_weight,DP_time,DP_OR_profit,DP_OR_weight,DP_OR_time,IP_OR_profit,IP_OR_weight,IP_OR_time
10_50_1_1_5,123,51,0,123,51,0.015583038,123,51,0,123,51,0.015604734,123,51,0,123,51,0.00697279
10_50_1_2_5,124,78,0,127,84,0.015624046,127,84,0,127,84,0,127,84,0,127,84,0.012004614
10_50_1_3_5,167,80,0,167,80,0,167,80,0,167,80,0,167,80,0,167,80,0.010962009
10_50_1_4_5,222,116,0,222,116,0,222,116,0,222,116,0,222,116,0,222,116,0.006999493
10_50_1_5_5,235,200,0,244,240,0,244,240,0,244,240,0.015623093,244,240,0,244,240,0.00999999
10_50_2_1_5,64,51,0,64,51,0,64,51,0,64,51,0,64,51,0,64,51,0.006005526
10_50_2_2_5,85,74,0,91,84,0,91,84,0,91,84,0.015624762,91,84,0,91,84,0.011996508
10_50_2_3_5,87,79,0,91,83,0,91,85,0,91,83,0.015622377,91,83,0,91,83,0.011984587
10_50_2_4_5,123,116,0,123,114,0.015634775,123,116,0,123,114,0.015624046,123,114,0,123,114,0.013000011
10_50_2_5_5,242,234,0,243,238,0.015629768,243,238,0,243,238,0.03124404,243,238,0,243,237,0.01096487
10_50_3_1_5,68,38,0,81,51,0,81,51,0,81,51,0,81,51,0,81,51,0.018999338
10_50_3_2_5,127,77,0,139,89,0,139,89,0,139,89,0,139,89,0,139,89,0.012023211
10_50_3_3_5,155,95,0,167,107,0,167,107,0.015627623,167,107,0.015625954,167,107,0,167,107,0.017000914
10_50_3_4_5,224,144,0,224,144,0,224,144,0,224,144,0.015624046,224,144,0,224,144,0.010037661
10_50_3_5_5,309,219,0,309,219,0,309,219,0.015619993,309,219,0.015624285,309,219,0,309,219,0.007987976
10_50_4_1_5,47,47,0,51,51,0,51,51,0,51,51,0.015623093,51,51,0,51,51,0.008002281
10_50_4_2_5,90,90,0,90,90,0,90,90,0,90,90,0,90,90,0,90,90,0.011997938
10_50_4_3_5,106,106,0,107,107,0.01559329,107,107,0,107,107,0,107,107,0,107,107,0.006036997
10_50_4_4_5,138,138,0,148,148,0.015623569,148,148,0,148,148,0.015625,148,148,0,148,148,0.010053873
10_50_4_5_5,219,219,0,220,220,0.015622854,220,220,0,220,220,0.015640736,220,220,0,220,220,0.011999369
10_100_1_1_5,273,70,0,281,100,0.015655041,281,100,0,281,100,0,281,100,0,281,100,0.010974884
10_100_1_2_5,296,185,0,302,201,0.01564908,302,201,0,302,201,0.015623093,302,201,0,302,201,0.010000944
10_100_1_3_5,437,122,0,438,124,0,438,124,0,438,124,0.015605927,438,124,0,438,124,0.010040283
10_100_1_4_5,528,329,0,528,329,0,528,329,0,528,329,0.031247377,528,329,0,528,329,0.008965731
10_100_1_5_5,631,414,0,631,414,0,631,414,0,631,414,0.062494993,631,414,0,631,414,0.009052753
10_100_2_1_5,126,101,0,126,101,0,126,101,0,126,101,0.015625477,126,101,0,126,101,0.004943132
10_100_2_2_5,215,198,0,215,198,0,215,198,0,215,198,0.015623569,215,198,0,215,198,0.009995937
10_100_2_3_5,160,131,0,170,134,0,170,134,0,170,134,0.015624046,170,134,0,170,134,0.013023615
10_100_2_4_5,357,343,0,357,343,0,357,348,0,357,343,0.031246662,357,343,0,357,343,0.019999743
10_100_2_5_5,496,473,0,505,484,0.015623569,505,484,0,505,484,0.046871901,505,484,0,505,484,0.013016224
10_100_3_1_5,111,81,0,128,98,0.015601635,128,98,0,128,98,0,128,98,0,128,98,0.008999348
10_100_3_2_5,235,185,0,235,185,0.015655518,235,185,0,235,185,0.015640259,235,185,0,235,185,0.030998945
10_100_3_3_5,196,126,0,252,182,0,252,182,0.015624523,252,182,0.015623093,252,182,0,252,182,0.015015125
10_100_3_4_5,448,378,0,484,414,0.015641928,484,414,0,484,414,0.046873331,484,414,0,484,414,0.015999556
10_100_3_5_5,507,427,0,591,511,0.015604496,591,511,0,591,511,0.046872616,591,511,0,591,511,0.013988733
10_100_4_1_5,91,91,0,98,98,0.015624285,98,98,0,98,98,0,98,98,0,98,98,0.01200223
10_100_4_2_5,180,180,0,190,190,0.015623569,190,190,0,190,190,0.015624285,190,190,0,190,190,0.006979227
10_100_4_3_5,166,166,0,182,182,0,182,182,0,182,182,0.015622377,182,182,0,182,182,0.008999825
10_100_4_4_5,385,385,0,414,414,0,414,414,0,414,414,0.046888828,414,414,0,414,414,0.018000126
10_100_4_5_5,504,504,0,511,511,0,511,511,0,511,511,0.046854734,511,511,0,511,511,0.011999846
10_500_1_1_5,1013,330,0,1104,472,0,1104,472,0,1104,472,0.031244993,1104,472,0,1104,472,0.010983467
10_500_1_2_5,1376,496,0,1598,718,0,1598,718,0,1598,718,0.062495232,1598,718,0,1598,718,0.011968851
10_500_1_3_5,1494,1090,0,1501,1170,0,1501,1170,0,1501,1170,0.109387398,1501,1170,0,1501,1170,0.009983063
10_500_1_4_5,2589,1759,0,2589,1942,0.015620947,2589,1759,0,2589,1942,0.171862602,2589,1942,0,2589,1759,0.010012388
10_500_1_5_5,1943,2307,0,1943,2307,0.015624285,1943,2307,0,1943,2307,0.234342813,1943,2307,0,1943,2307,0.005014658
10_500_2_1_5,541,495,0,541,495,0,541,495,0,541,495,0.031247377,541,495,0,541,495,0.009010553
10_500_2_2_5,817,693,0,847,728,0,847,728,0,847,728,0.046871901,847,728,0,847,728,0.009000778
10_500_2_3_5,1216,1159,0,1233,1183,0.015640259,1233,1183,0,1233,1183,0.109362841,1233,1183,0,1233,1183,0.011070013
10_500_2_4_5,1953,1858,0,1996,1946,0,1996,1946,0,1996,1946,0.171864271,1996,1946,0,1996,1946,0.050978899
10_500_2_5_5,2137,1968,0,2418,2307,0,2418,2307,0,2418,2307,0.23436141,2418,2307,0,2418,2307,0.009013653
10_500_3_1_5,402,382,0,565,545,0,565,545,0,565,545,0.031244278,565,545,0,565,545,0.01201725
10_500_3_2_5,620,570,0,838,788,0,838,788,0,838,788,0.062495947,838,788,0,838,788,0.020012617
10_500_3_3_5,969,899,0,1092,1032,0,1092,1032,0.015623808,1092,1032,0.093746901,1092,1032,0,1092,1032,0.021945238
10_500_3_4_5,1787,1717,0,2077,2007,0,2077,2007,0.015623093,2077,2007,0.187467337,2077,2007,0,2077,2007,0.087979317
10_500_3_5_5,1972,1892,0,2342,2262,0,2342,2262,0,2342,2262,0.234379053,2342,2262,0,2342,2262,0.014016628
10_500_4_1_5,545,545,0,545,545,0,545,545,0,545,545,0.031247616,545,545,0,545,545,0.012968779
10_500_4_2_5,780,780,0,788,788,0,788,788,0.015623331,788,788,0.04685545,788,788,0,788,788,0.074016571
10_500_4_3_5,989,989,0,1032,1032,0,1032,1032,0.015619516,1032,1032,0.093760967,1032,1032,0,1032,1032,0.015037298
10_500_4_4_5,1938,1938,0,2013,2013,0,2013,2013,0.015623569,2013,2013,0.187470913,2013,2013,0,2013,2013,0.115014315
10_500_4_5_5,2164,2164,0,2262,2262,0,2262,2262,0,2262,2262,0.203128338,2262,2262,0,2262,2262,0.011002779
10_1000_1_1_5,1136,616,0,1185,931,0,1185,931,0,1185,931,0.062495708,1185,931,0,1185,931,0.006023407
10_1000_1_2_5,2711,1478,0,3009,1753,0,3009,1753,0,3009,1753,0.156221151,3009,1753,0,3009,1753,0.011057854
10_1000_1_3_5,3668,2089,0,3725,2152,0,3725,2152,0,3725,2152,0.374974489,3725,2152,0,3725,2152,0.008929253
10_1000_1_4_5,5794,3531,0,5794,3531,0,5794,3531,0,5794,3531,0.562464714,5794,3531,0,5794,3531,0.009002686
10_1000_1_5_5,3331,4414,0,3376,4799,0,3376,4799,0,3376,4799,0.578088284,3376,4799,0,3376,4799,0.011039019
10_1000_2_1_5,1052,931,0,1052,931,0,1052,931,0,1052,931,0.078116894,1052,931,0,1052,931,0.01105547
10_1000_2_2_5,2048,1816,0,2139,1898,0,2139,1898,0,2139,1898,0.156239271,2139,1898,0,2139,1898,0.010056257
10_1000_2_3_5,1921,1816,0,2148,2181,0,2148,2181,0,2148,2181,0.203109503,2148,2181,0,2148,2181,0.016946554
10_1000_2_4_5,3692,3539,0,3692,3539,0.015594482,3692,3539,0.015625,3692,3539,0.328119516,3692,3539,0,3692,3539,0.082997561
10_1000_2_5_5,5369,5122,0,5421,5174,0.015593767,5421,5174,0,5421,5174,0.515573978,5421,5174,0,5421,5174,0.013041496
10_1000_3_1_5,1017,987,0,1156,1136,0.015641212,1156,1136,0,1156,1136,0.062494993,1156,1136,0,1156,1136,0.013006449
10_1000_3_2_5,1563,1523,0,1983,1953,0,1983,1953,0,1983,1953,0.140616417,1983,1953,0,1983,1953,0.075016022
10_1000_3_3_5,1320,1250,0,1589,1529,0,1589,1529,0,1589,1529,0.140631437,1589,1529,0,1589,1529,0.074013948
10_1000_3_4_5,4287,4217,0,4740,4670,0,4740,4670,0,4740,4670,0.437451363,4740,4670,0,4740,4670,0.085050821
10_1000_3_5_5,4378,4288,0,4413,4323,0,4413,4323,0.015627384,4413,4323,0.437488794,4413,4323,0,4413,4323,0.016003609
10_1000_4_1_5,1091,1091,0,1136,1136,0,1136,1136,0,1136,1136,0.046872616,1136,1136,0,1136,1136,0.011019945
10_1000_4_2_5,1589,1589,0,1953,1953,0,1953,1953,0,1953,1953,0.124972343,1953,1953,0,1953,1953,0.07796216
10_1000_4_3_5,1489,1489,0,1532,1532,0.015622616,1532,1532,0,1532,1532,0.140634298,1532,1532,0,1532,1532,0.008039474
10_1000_4_4_5,4438,4438,0,4676,4676,0.015624285,4676,4676,0,4676,4676,0.453094244,4676,4676,0,4676,4676,0.081014872
10_1000_4_5_5,4304,4304,0,4331,4331,0.015643597,4331,4331,0,4331,4331,0.437449932,4331,4331,0,4331,4331,0.015017033
50_50_1_1_5,563,181,0,377,180,16.63943148,563,181,2.937298536,563,181,0.078123093,563,181,0,563,181,0.017997265
50_50_1_2_5,801,403,0,460,394,12.59288192,651,268,10.04619169,802,406,0.203111887,802,406,0,802,406,0.018015623
50_50_1_3_5,1049,535,0,401,376,10.8273294,702,227,10.04875231,1052,539,0.265620947,1052,539,0,1052,539,0.033002377
50_50_1_4_5,1283,726,0,561,382,11.57727408,661,163,10.05042839,1283,726,0.390582323,1283,726,0,1283,726,0.013002396
50_50_1_5_5,1206,1010,0,596,532,11.20236254,603,238,10.03852129,1209,1024,0.578083754,1209,1024,0,1209,1024,0.019999504
50_50_2_1_5,241,181,0,211,181,11.90542722,241,181,0.587291479,241,181,0.078121424,241,181,0.015623569,241,181,0.013033152
50_50_2_2_5,465,404,0,421,406,20.73294473,463,402,10.00478244,466,406,0.187500715,466,406,0,466,406,0.017023802
50_50_2_3_5,599,541,0,363,373,11.79607058,335,281,10.06449771,599,541,0.281210899,599,541,0,599,541,0.00993228
50_50_2_4_5,793,730,0.000950336,369,369,11.48353648,353,299,10.04618955,796,730,0.374972343,796,730,0,796,730,0.024998665
50_50_2_5_5,1077,1031,0,594,598,11.37419271,520,458,10.06181502,1082,1035,0.546837091,1082,1035,0,1082,1035,0.021014929
50_50_3_1_5,405,205,0,332,212,28.4511497,412,212,9.758405447,412,212,0.078121662,412,212,0,412,212,0.013999701
50_50_3_2_5,670,380,0,585,395,15.56137919,354,164,10.07745647,692,402,0.187483072,692,402,0,692,402,0.019964933
50_50_3_3_5,893,533,0,597,407,11.86764622,345,165,10.03849936,897,537,0.281234264,897,537,0,897,537,0.027000189
50_50_3_4_5,1214,814,0,606,416,11.93663049,356,176,10.03129721,1240,840,0.421843052,1240,840,0,1240,840,0.017000437
50_50_3_5_5,1606,1166,0,732,542,11.73353815,394,214,10.04196262,1643,1203,0.609335661,1643,1203,0,1643,1203,0.053001165
50_50_4_1_5,212,212,0,212,212,28.71677446,212,212,0.015649319,212,212,0.07811904,212,212,0,212,212,0.012002468
50_50_4_2_5,399,399,0,402,402,28.83159685,402,402,6.079303503,402,402,0.156236172,402,402,0,402,402,0.018999815
50_50_4_3_5,537,537,0,409,409,11.59294248,401,401,10.05459404,537,537,0.203107595,537,537,0,537,537,0.032997131
50_50_4_4_5,835,835,0,416,416,11.3741653,374,374,10.07236838,840,840,0.359347105,840,840,0,840,840,0.013998032
50_50_4_5_5,1203,1203,0,542,542,11.46795511,486,486,10.04619408,1203,1203,0.57808423,1203,1203,0,1203,1203,0.009001732
50_100_1_1_5,1493,362,0,951,367,11.38984537,1493,362,2.452955246,1493,362,0.171882629,1493,362,0,1493,362,0.011999846
50_100_1_2_5,1629,813,0,962,782,10.73362517,1346,506,10.09077787,1629,812,0.406206131,1629,812,0,1629,813,0.033002615
50_100_1_3_5,2088,1035,0,947,659,11.17111397,1278,325,10.06181312,2088,1035,0.546836376,2088,1035,0,2088,1035,0.011985064
50_100_1_4_5,2448,1583,0,1170,892,11.98354101,1236,402,10.05541873,2449,1595,0.84368968,2449,1595,0,2449,1595,0.01800561
50_100_1_5_5,2587,2236,0,1146,1082,10.93673801,1253,451,10.03503609,2587,2236,1.249933958,2587,2236,0,2587,2236,0.009999752
50_100_2_1_5,480,371,0,434,370,18.79555702,481,373,1.218678951,481,373,0.15625453,481,373,0,481,373,0.020002365
50_100_2_2_5,944,823,0,881,823,28.78662539,944,823,9.568997622,944,823,0.359330177,944,823,0,944,823,0.023001909
50_100_2_3_5,1188,1039,0.000998974,769,713,12.09286857,747,618,10.08002853,1194,1041,0.531214237,1194,1041,0,1194,1041,0.020980358
50_100_2_4_5,1732,1593,0,1028,1032,11.50645757,779,651,10.05718613,1735,1597,0.859319448,1735,1597,0,1735,1597,0.024001598
50_100_2_5_5,2355,2244,0,1244,1226,11.54606771,1064,953,10.0462079,2355,2244,1.124938726,2355,2244,0,2355,2244,0.031999111
50_100_3_1_5,604,414,0,550,420,28.73238325,610,420,8.0849545,610,420,0.171863317,610,420,0,610,420,0.03198576
50_100_3_2_5,1116,846,0,1063,883,10.99919176,602,412,10.07744455,1156,886,0.374954939,1156,886,0,1156,886,0.016034603
50_100_3_3_5,1412,1062,0,999,809,12.04602027,467,277,10.06175661,1462,1112,0.53123188,1462,1112,0,1462,1112,0.018985987
50_100_3_4_5,2203,1813,0,1294,1104,12.21791863,694,514,10.05381012,2230,1840,0.890564919,2230,1840,0,2230,1840,0.04699707
50_100_3_5_5,2758,2318,0.000999212,1432,1242,11.03044367,650,470,10.04677868,2851,2411,1.265522718,2851,2411,0,2851,2411,0.025998592
50_100_4_1_5,420,420,0,420,420,28.85737538,420,420,0.015582323,420,420,0.140610933,420,420,0,420,420,0.012999535
50_100_4_2_5,882,882,0,886,886,28.2948885,886,886,5.288975477,886,886,0.328102112,886,886,0,886,886,0.008964062
50_100_4_3_5,1111,1111,0,809,809,11.5773139,751,751,10.07738352,1112,1112,0.484339714,1112,1112,0,1112,1112,0.009951591
50_100_4_4_5,1833,1833,0,1099,1099,11.62417197,1024,1024,10.04917049,1840,1840,0.796837807,1840,1840,0,1840,1840,0.012001038
50_100_4_5_5,2391,2391,0,1242,1242,11.66413689,1136,1136,10.04065132,2411,2411,1.078033686,2411,2411,0.015623808,2411,2411,0.014023781
50_500_1_1_5,5830,2169,0,3894,2236,13.04595327,5860,2251,0.48432374,5860,2251,0.937452555,5860,2251,0,5860,2251,0.025996685
50_500_1_2_5,7732,4705,0,5640,4678,12.28039265,6266,3236,10.0321188,7733,4700,2.18735075,7733,4700,0.015623808,7733,4700,0.0200243
50_500_1_3_5,8846,6433,0,3925,4431,11.32733655,5776,3186,10.07131481,8846,6433,3.202922821,8846,6433,0.015641689,8846,6433,0.013990879
50_500_1_4_5,10495,8201,0,5711,5332,12.01474452,6183,2434,10.04924536,10495,8201,4.109075069,10495,8201,0.015622139,10495,8201,0.011945486
50_500_1_5_5,12145,9027,0,4658,5075,11.1085546,5961,1984,10.05478621,12184,9108,4.952786922,12184,9108,0.015624523,12184,9108,0.014983177
50_500_2_1_5,2617,2221,0,2462,2241,12.5147531,2645,2249,0.078062534,2645,2249,0.890583515,2645,2249,0,2645,2249,0.050959349
50_500_2_2_5,5329,4722,0,4870,4706,11.43665957,5336,4722,9.9893682,5336,4722,2.196886301,5336,4722,0,5336,4722,0.051000357
50_500_2_3_5,6886,6411,0,4582,4711,11.54603124,4693,4203,10.09301233,6925,6439,3.234174252,6925,6439,0,6925,6439,0.096999645
50_500_2_4_5,8734,8231,0,5246,5170,11.24921751,4512,3978,10.09300232,8773,8262,4.140345097,8773,8262,0,8773,8262,0.037998915
50_500_2_5_5,9866,9147,0,5375,5218,11.4210403,4002,3342,10.03835583,9873,9157,4.780922174,9873,9157,0.015623569,9873,9157,0.051016808
50_500_3_1_5,2415,2235,0,2347,2237,29.31046534,2415,2235,4.542511463,2415,2235,1.136436939,2415,2235,0,2415,2235,0.018998861
50_500_3_2_5,4574,4294,0,4541,4351,25.02295208,2260,2070,10.09306312,4632,4352,2.098485708,4632,4352,0,4632,4352,0.070000172
50_500_3_3_5,6070,5720,0,4704,4544,11.32733464,1877,1687,10.05328369,6262,5912,2.992943287,6262,5912,0.01563859,6262,5912,0.104997396
50_500_3_4_5,8853,8453,0,6005,5825,11.96790004,2194,2014,10.06175947,9040,8640,4.562252283,9040,8640,0.015623808,9040,8640,0.086000204
50_500_3_5_5,9999,9549,0,4845,4655,10.9991858,1534,1354,10.03507185,10445,9995,5.499642134,10445,9995,0.031247854,10445,9995,0.170012474
50_500_4_1_5,2232,2232,0,2237,2237,29.16986561,2237,2237,0.09370327,2237,2237,0.765553236,2237,2237,0,2237,2237,0.034013271
50_500_4_2_5,4348,4348,0,4352,4352,28.34178424,4352,4352,10.00444484,4352,4352,1.718632936,4352,4352,0,4352,4352,0.037994862
50_500_4_3_5,5910,5910,0,4544,4544,11.45228481,4451,4451,10.06929517,5912,5912,2.421729326,5912,5912,0,5912,5912,0.025020123
50_500_4_4_5,8639,8639,0,6123,6123,11.21792698,5424,5424,10.06177974,8640,8640,3.687249184,8640,8640,0,8640,8640,0.06899929
50_500_4_5_5,9991,9991,0,4647,4647,11.46792936,4236,4236,10.03621817,9995,9995,4.546549082,9995,9995,0,9995,9995,0.019999743
50_1000_1_1_5,10128,4907,0,5907,5031,12.56160927,10281,5073,0.312456846,10281,5073,2.093607426,10281,5073,0,10281,5073,0.016964912
50_1000_1_2_5,15724,8611,0,11462,8511,38.43431282,15814,8717,7.280754328,15814,8717,3.937226057,15814,8717,0.015625715,15814,8717,0.018052578
50_1000_1_3_5,19867,13600,0,9951,10226,11.88587213,13364,6958,10.08301163,19896,13673,6.874530077,19896,13673,0.015622854,19896,13673,0.017015219
50_1000_1_4_5,21956,16890,0,11711,9832,12.26737022,10747,3785,10.05748677,21988,16917,8.46819067,21988,16917,0.015622616,21988,16917,0.024014473
50_1000_1_5_5,24283,18973,0,7968,7932,11.34742355,13088,2984,10.0467186,23473,18887,10.01492214,24330,19136,0.046868324,24330,19136,0.019001245
50_1000_2_1_5,5644,4936,0,5583,5060,12.82492352,5796,5089,0.078098059,5796,5089,1.98424077,5796,5089,0.015625238,5796,5089,0.070985317
50_1000_2_2_5,9886,8691,0,9018,8714,15.54214907,9917,8696,10.05590677,9961,8721,3.906002283,9961,8721,0,9961,8721,0.060000181
50_1000_2_3_5,14491,13687,0,9733,9843,11.92371893,12011,11097,10.09303141,14634,13691,6.593280554,14634,13691,0.015627861,14634,13691,0.028000116
50_1000_2_4_5,17540,16920,0,9087,9239,11.6412859,9563,8662,10.06984735,17623,16928,8.452549458,17623,16928,0.015619993,17623,16928,0.048999071
50_1000_2_5_5,19881,19150,0,11833,12026,12.4163475,8400,7279,10.04601336,19884,19154,9.889953375,19884,19154,0.031246424,19884,19154,0.017994881
50_1000_3_1_5,4455,4255,0,4680,4570,21.24338174,4015,3825,10.12140369,4770,4570,1.906118631,4770,4570,0.015630007,4770,4570,0.015000582
50_1000_3_2_5,9253,8993,0,9515,9345,11.10855961,5356,5166,10.09222889,9612,9352,4.124715805,9612,9352,0.015623331,9612,9352,0.084015608
50_1000_3_3_5,13317,12977,0,9742,9572,11.96794343,4265,4075,10.08411074,13502,13162,6.486228466,13502,13162,0.031243563,13502,13162,0.020999908
50_1000_3_4_5,17112,16712,0,12072,11892,12.21473122,3666,3486,10.06176543,17706,17306,9.371326685,17706,17306,0.04687047,17705,17305,0.066984653
50_1000_3_5_5,20523,20073,0,9845,9655,11.7868669,2621,2441,10.03954196,21248,20828,10.01493788,21278,20828,0.046891451,21277,20827,0.033951283
50_1000_4_1_5,4555,4555,0,4570,4570,30.32561755,4570,4570,0.093742371,4570,4570,1.562393188,4570,4570,0,4570,4570,0.079982996
50_1000_4_2_5,9345,9345,0,9352,9352,31.65714526,9352,9352,9.936822653,9352,9352,3.546635151,9352,9352,0.015606403,9352,9352,0.044000387
50_1000_4_3_5,13111,13111,0,9477,9477,13.13555717,9451,9451,10.0727613,13162,13162,5.405899286,13162,13162,0,13162,13162,0.053000212
50_1000_4_4_5,17275,17275,0,11892,11892,11.27402568,10924,10924,10.06175971,17306,17306,7.233865976,17306,17306,0.015623808,17306,17306,0.027000427
50_1000_4_5_5,20703,20703,0,9655,9655,11.7335186,8736,8736,10.0461905,20828,20828,9.374376774,20828,20828,0.031250238,20827,20827,0.03399992
100_50_1_1_5,1145,395,0,550,394,11.60852337,494,91,10.03476763,1145,395,0.343726635,1145,395,0,1145,395,0.029933929
100_50_1_2_5,1587,784,0,465,424,11.01484346,646,99,10.04648042,1587,786,0.765553236,1587,786,0,1587,784,0.016000748
100_50_1_3_5,2092,1214,0,401,376,11.24917698,608,122,10.02469254,2093,1216,1.281182289,2093,1216,0,2093,1216,0.014020681
100_50_1_4_5,2441,1575,0,561,382,12.10848618,541,81,10.03056645,2441,1576,1.671761513,2441,1576,0,2441,1575,0.012981415
100_50_1_5_5,2343,2155,0,587,554,11.41262269,555,118,10.00178933,2347,2175,2.390444756,2347,2175,0.015601158,2347,2175,0.024056196
100_50_2_1_5,504,395,0,429,394,14.37988114,280,202,10.07743359,504,396,0.343723774,504,396,0,504,396,0.018999815
100_50_2_2_5,903,786,0,494,496,12.17412257,323,252,10.03914857,906,786,0.703080654,906,786,0,906,786,0.051001549
100_50_2_3_5,1351,1215,0,363,373,11.76561689,263,196,10.03056598,1352,1216,1.249914169,1352,1216,0,1352,1216,0.045998812
100_50_2_4_5,1721,1576,0,369,369,11.24917626,181,125,10.02247787,1722,1576,1.656153202,1722,1576,0,1722,1576,0.018000126
100_50_2_5_5,2269,2175,0,594,598,11.41419721,227,161,10.01148105,2272,2175,2.34357214,2272,2175,0.015623569,2272,2175,0.024000883
100_50_3_1_5,813,403,0,582,402,13.53033018,266,86,10.03976822,817,407,0.343726158,817,407,0,817,407,0.013000011
100_50_3_2_5,1395,815,0,651,461,10.71801662,253,73,10.02776504,1411,831,0.749952078,1411,831,0,1411,831,0.023000002
100_50_3_3_5,1922,1192,0,597,407,11.76478529,247,77,10.03115511,1932,1202,1.156167746,1932,1202,0,1932,1202,0.022998095
100_50_3_4_5,2479,1669,0,606,416,12.80091405,247,77,10.01562357,2497,1687,1.678884983,2497,1687,0.015624046,2497,1687,0.044999361
100_50_3_5_5,2974,2064,0,732,542,10.99923229,243,73,10.01546478,2978,2068,2.109231472,2978,2068,0.015605211,2978,2068,0.01899004
100_50_4_1_5,407,407,0,407,407,28.52928925,407,407,4.783640385,407,407,0.28124547,407,407,0,407,407,0.01398921
100_50_4_2_5,831,831,0,461,461,12.71957231,444,444,10.0461936,831,831,0.640561342,831,831,0,831,831,0.020000219
100_50_4_3_5,1202,1202,0.000998497,402,402,11.76939392,380,380,10.02317762,1202,1202,0.999953508,1202,1202,0.015623569,1202,1202,0.019999743
100_50_4_4_5,1687,1687,0,416,416,11.41951895,364,364,10.00730491,1687,1687,1.453025579,1687,1687,0,1687,1687,0.021001101
100_50_4_5_5,2068,2068,0,542,542,12.0551517,474,474,10.00390148,2068,2068,1.812356949,2068,2068,0,2068,2068,0.011993408
100_100_1_1_5,2710,773,0,1116,713,11.7832799,1253,162,10.03323317,2722,790,0.703077555,2722,790,0,2722,790,0.04094553
100_100_1_2_5,3399,1570,0,1050,930,11.43526006,1156,113,10.03869319,3403,1570,1.546769857,3403,1570,0.015623569,3403,1570,0.024004936
100_100_1_3_5,4142,2234,0,947,659,11.17105365,1225,188,10.01815724,4142,2234,2.343590021,4142,2234,0.015623569,4142,2234,0.02699995
100_100_1_4_5,4811,3265,0,1170,892,12.01625323,1164,186,10.01854467,4819,3276,3.628599882,4819,3276,0.031266689,4819,3276,0.030001402
100_100_1_5_5,4976,4167,0,1146,1082,11.03866673,1153,199,10.00129199,4976,4167,4.748311758,4976,4167,0.031246901,4976,4167,0.015000105
100_100_2_1_5,1005,793,0,777,744,11.53040719,385,260,10.06109524,1008,796,0.675350189,1008,796,0,1008,795,0.073000908
100_100_2_2_5,1803,1568,0,1128,1096,11.56165457,450,322,10.03970838,1811,1570,1.49149847,1811,1570,0,1811,1570,0.025000572
100_100_2_3_5,2472,2241,0,769,713,11.38979316,374,261,10.01943707,2473,2241,2.615549088,2473,2241,0.015601635,2473,2241,0.027000666
100_100_2_4_5,3562,3276,0,1028,1032,11.37422991,487,358,10.02609992,3566,3276,3.401919842,3566,3276,0.015624046,3566,3276,0.029998064
100_100_2_5_5,4408,4174,0,1252,1226,11.43671703,531,410,10.04614925,4411,4175,4.405965805,4411,4175,0.031246424,4411,4175,0.031014681
100_100_3_1_5,1195,805,0,1012,832,14.15528893,367,187,10.03621936,1222,832,0.687453747,1222,832,0,1222,832,0.051000118
100_100_3_2_5,2165,1585,0,1252,1062,10.7648313,310,130,10.0305295,2211,1631,1.499892473,2211,1631,0,2211,1631,0.065000534
100_100_3_3_5,3031,2321,0.000998735,999,809,11.31172991,284,114,10.03057361,3062,2352,2.265473604,3062,2352,0.015643835,3062,2352,0.098000526
100_100_3_4_5,4188,3388,0.00099659,1333,1143,12.40108562,355,185,10.00848627,4220,3420,3.343522549,4220,3420,0.031247139,4220,3420,0.065999269
100_100_3_5_5,5276,4376,0,1432,1242,10.99926353,313,143,10.00552249,5343,4443,4.452831507,5343,4443,0.046851635,5343,4443,0.048018932
100_100_4_1_5,832,832,0,832,832,29.12301803,832,832,5.813527822,832,832,0.578083754,832,832,0,832,832,0.015047073
100_100_4_2_5,1630,1630,0,1062,1062,11.49921942,1060,1060,10.06179738,1631,1631,1.265518904,1631,1631,0,1631,1631,0.014000177
100_100_4_3_5,2352,2352,0,809,809,11.6021347,730,730,10.02226543,2352,2352,1.952994108,2352,2352,0.015624285,2352,2352,0.021000385
100_100_4_4_5,3420,3420,0,1099,1099,11.38984728,964,964,10.02411103,3420,3420,2.8435359,3420,3420,0.015623331,3420,3420,0.018992901
100_100_4_5_5,4438,4438,0,1242,1242,11.6554513,1124,1124,10.03054714,4443,4443,3.859116316,4443,4443,0.03124547,4443,4443,0.013003826
100_500_1_1_5,11084,4560,0,5725,4556,13.3230176,6819,2138,10.0709455,11175,4554,3.812235355,11175,4554,0.015626192,11175,4554,0.068000793
100_500_1_2_5,14893,8934,0.015604734,5571,4996,10.85983181,4564,773,10.04618812,14912,8959,8.436925411,14912,8959,0.03124547,14912,8959,0.039000511
100_500_1_3_5,19685,13324,0,3925,4431,11.20234346,5827,1253,10.0309813,15393,13362,10.06181431,19728,13385,0.062494993,19728,13385,0.033998013
100_500_1_4_5,22902,17160,0,5711,5332,11.93665242,5497,1116,10.03102899,11891,12981,10.01494169,22929,17206,0.109368086,22929,17206,0.036998749
100_500_1_5_5,26431,20393,0,4658,5075,11.07733679,5555,662,10.01666379,10518,9447,10.03058434,26463,20497,0.140598536,26463,20497,0.020961285
100_500_2_1_5,5382,4550,0,4662,4553,13.01470685,3176,2563,10.07887053,5403,4561,3.73410058,5403,4561,0,5403,4561,0.264003038
100_500_2_2_5,10045,8952,0,4948,4863,11.34294009,2132,1648,10.04590368,10083,8970,8.014250517,10083,8970,0.031244755,10083,8970,0.065999031
100_500_2_3_5,14504,13391,0,4582,4711,11.67107701,3362,2745,10.0381856,14081,13390,10.12431002,14512,13387,0.062495708,14512,13387,0.34598279
100_500_2_4_5,18482,17206,0,5246,5170,11.32735133,3136,2545,10.02577138,13054,12981,10.09306192,18494,17207,0.093760729,18494,17207,0.032000303
100_500_2_5_5,21826,20508,0,5434,5246,11.57729363,2282,1628,10.02688289,10193,9914,10.03058648,21826,20508,0.140615702,21826,20508,0.036008596
100_500_3_1_5,4823,4453,0,4752,4582,28.3105135,1379,1199,10.061759,4952,4582,3.734118223,4952,4582,0.015606165,4952,4582,0.048001051
100_500_3_2_5,9156,8586,0,5073,4883,10.68016267,751,571,10.03051138,9201,8631,7.671330452,9201,8631,0.04687047,9201,8631,0.021998167
100_500_3_3_5,12674,11974,0,4704,4544,11.18670344,870,700,10.02344513,12882,12252,10.06181741,12952,12252,0.093763113,12952,12252,0.076000452
100_500_3_4_5,16644,15824,0,6005,5825,11.78041387,937,767,10.02857423,15345,14765,10.01494002,16707,15887,0.140596151,16706,15886,0.113998175
100_500_3_5_5,20227,19317,0,4845,4655,10.84299135,855,685,10.01968932,11439,10989,10.01493645,20603,19693,0.187507391,20603,19693,0.035011768
100_500_4_1_5,4580,4580,0,4582,4582,28.91986847,4582,4582,3.166479588,4582,4582,3.140412807,4582,4582,0,4582,4582,0.015002489
100_500_4_2_5,8624,8624,0,4883,4883,11.1867044,4494,4494,10.05683017,8631,8631,6.452685595,8631,8631,0.01560998,8631,8631,0.015021324
100_500_4_3_5,12237,12237,0,4544,4544,11.40543962,4230,4230,10.04617453,12252,12252,10.01493907,12252,12252,0.031244278,12252,12252,0.01599884
100_500_4_4_5,15873,15873,0,5825,5825,11.09295964,4964,4964,10.03054929,15887,15887,10.3829155,15887,15887,0.062495708,15887,15887,0.023000956
100_500_4_5_5,19582,19582,0,4647,4647,11.38978744,4124,4124,10.03050709,11203,11203,10.98362207,19693,19693,0.093742847,19693,19693,0.019999981
100_1000_1_1_5,21538,9353,0,8110,9260,12.40538478,12125,3522,10.07787204,21538,9353,8.093180418,21538,9353,0.015621662,21538,9353,0.021016598
100_1000_1_2_5,30553,17951,0,12406,10478,10.87422395,10721,2164,10.03485107,23099,17882,10.28054786,30553,17951,0.078119516,30553,17951,0.021999836
100_1000_1_3_5,42765,26867,0,9951,10226,11.26480079,12494,2462,10.02330732,16932,16553,10.13993335,42821,26883,0.124989271,42821,26883,0.050999403
100_1000_1_4_5,45810,34846,0,11711,9832,11.9678998,11150,2242,10.03050709,13648,11284,10.10868073,45810,34846,0.187487841,45810,34846,0.019000053
100_1000_1_5_5,50922,39343,0,8658,11575,10.82732749,12439,1525,10.00086522,8806,12531,10.06181479,50973,39569,0.265608311,50973,39569,0.022981644
100_1000_2_1_5,10649,9396,0,10030,9396,11.50874424,9108,7898,10.15721774,10713,9395,7.265132189,10713,9395,0.015619755,10713,9395,0.094015598
100_1000_2_2_5,20352,17950,0.000998735,10948,10836,11.38984227,6805,5486,10.05038881,19409,17970,10.10868335,20438,17970,0.062494993,20438,17970,0.053999901
100_1000_2_3_5,28773,26869,0,10031,10206,11.49918199,8148,6876,10.03346252,16473,16799,10.06181598,28814,26888,0.093743801,28814,26888,0.066002369
100_1000_2_4_5,36279,34868,0,9586,9617,11.1398313,5290,4373,10.02627826,11198,11284,10.12432647,36285,34875,0.171859503,36285,34875,0.100000381
100_1000_2_5_5,41099,39665,0,11833,12026,11.4522891,4758,3567,10.02027655,12271,12542,10.04617,41106,39674,0.218732834,41106,39674,0.049047947
100_1000_3_1_5,8983,8593,0,9158,8998,15.07707524,2151,1971,10.04725862,9388,8998,7.343249798,9388,8998,0.031244993,9388,8998,0.293985128
100_1000_3_2_5,17374,16804,0,11588,11398,10.76483488,1595,1415,10.02827668,17375,16965,10.06179404,17535,16965,0.109367132,17535,16965,0.027000427
100_1000_3_3_5,27155,26465,0,9742,9572,11.20232606,1520,1350,10.02228975,17476,17146,10.10187626,27192,26502,0.171863079,27192,26502,0.039000988
100_1000_3_4_5,32908,32098,0,12542,12352,11.99918413,1469,1299,10.02097702,14525,14265,10.04618478,33697,32887,0.281245232,33697,32887,0.049000025
100_1000_3_5_5,39769,38859,0.015642643,9845,9655,10.84297585,1354,1184,10.02394152,10955,10745,10.04619265,40603,39693,0.374955416,40603,39693,0.068983078
100_1000_4_1_5,8991,8991,0,8998,8998,28.73235297,8998,8998,1.327992439,8998,8998,6.265198469,8998,8998,0,8998,8998,0.037988663
100_1000_4_2_5,16959,16959,0,11398,11398,11.23360991,11260,11260,10.13993835,16965,16965,10.48367548,16965,16965,0.015623569,16964,16964,0.169999361
100_1000_4_3_5,26494,26494,0,9477,9477,11.38982749,8730,8730,10.02442288,18480,18480,10.14895678,26502,26502,0.046870232,26502,26502,0.030955791
100_1000_4_4_5,32885,32885,0,12352,12352,11.17105031,10464,10464,10.03056788,14582,14582,10.04617095,32887,32887,0.12499404,32887,32887,0.122984886
100_1000_4_5_5,39495,39495,0,9655,9655,11.75821567,8624,8624,10.02113271,10986,10986,10.0930624,39693,39693,0.171860933,39693,39693,0.014000416
500_50_1_1_5,5900,2147,0,577,431,11.38981366,639,25,10.01490712,5900,2147,9.718090534,5900,2147,0.140597105,5900,2147,0.053985357
500_50_1_2_5,8111,4322,0.005993128,465,424,11.60852528,549,20,10.00186205,5016,4322,10.09305668,8111,4322,0.421860456,8111,4322,0.06400013
500_50_1_3_5,10227,6409,0.000998497,401,376,10.70237732,513,26,10.01494074,3501,3258,10.03056479,10227,6410,0.765572786,10227,6409,0.048999548
500_50_1_4_5,11913,8222,0,561,382,11.5148077,485,20,10.0067246,2680,2355,10.06180882,11913,8222,1.2342906,11913,8222,0.05096817
500_50_1_5_5,12777,10820,0,596,532,11.97636342,480,16,10.0124352,1809,1907,10.04619288,12777,10820,1.9061234,12777,10820,0.050987005
500_50_2_1_5,2629,2147,0,475,450,10.81176186,101,37,10.00299668,2629,2147,9.093145609,2629,2147,0.109347343,2629,2147,0.047962189
500_50_2_2_5,4968,4322,0,494,496,11.03044319,98,44,10.01544666,4586,4322,10.12430978,4968,4322,0.312492847,4968,4322,0.042997122
500_50_2_3_5,7139,6410,0,363,373,11.04608774,101,42,10.00297689,3260,3227,10.04617405,7139,6410,0.6249547,7139,6410,0.065997839
500_50_2_4_5,8921,8222,0,369,369,11.4210968,83,26,10.01495934,2402,2364,10.03058076,8921,8222,1.046785116,8921,8222,0.046997309
500_50_2_5_5,11242,10819,0,594,598,11.57733536,89,31,10.0088098,1915,1907,10.04618573,11243,10820,1.703006268,11242,10820,0.041944265
500_50_3_1_5,4210,2130,0,679,489,11.24923277,170,20,10.0149219,4218,2138,8.905645847,4218,2138,0.20313096,4218,2138,0.034002542
500_50_3_2_5,7076,4176,0,652,462,11.2336092,167,17,10.00443411,6190,4190,10.07743144,7090,4190,0.546820402,7090,4190,0.123999357
500_50_3_3_5,9717,6167,0.015623331,599,409,11.45233727,161,21,10.00593114,5088,3648,10.0461905,9723,6173,1.015553474,9723,6173,0.075000048
500_50_3_4_5,12383,8303,0.001996994,606,416,10.6711514,156,16,10.0136807,3587,2567,10.06181216,12388,8308,1.531148195,12388,8308,0.036944151
500_50_3_5_5,15359,10809,0,732,542,11.21798515,154,14,10.01492095,2855,2075,10.03056645,15371,10821,2.187347889,15371,10821,0.036002636
500_50_4_1_5,2138,2138,0,489,489,11.81939316,406,406,10.01493621,2138,2138,7.774601221,2138,2138,0.015623569,2138,2138,0.038965702
500_50_4_2_5,4190,4190,0,462,462,10.87425852,354,354,10.01488161,4190,4190,16.32701278,4190,4190,0.09374094,4190,4190,0.105000019
500_50_4_3_5,6173,6173,0,409,409,11.5617137,321,321,10.01493907,3715,3715,19.45179892,6173,6173,0.249980927,6173,6173,0.058020115
500_50_4_4_5,8308,8308,0,419,419,11.1085608,305,305,10.00353622,2580,2580,17.65504742,8308,8308,0.640583515,8308,8308,0.056999445
500_50_4_5_5,10821,10821,0,542,542,11.4210937,371,371,10.00279951,2075,2075,16.56136465,10821,10821,1.203039885,10821,10821,0.039013624
500_100_1_1_5,12554,4067,0,1116,713,11.24923658,1209,30,10.00368953,9055,4072,10.15555525,12563,4072,0.281228781,12563,4072,0.088998318
500_100_1_2_5,16446,8363,0,1050,930,11.43671966,1053,30,10.00387263,5095,4791,10.06181693,16455,8372,0.843694448,16455,8372,0.07799983
500_100_1_3_5,20922,12204,0,947,659,11.26485586,1151,40,10.00086331,3532,3028,10.04619193,20925,12210,1.484274626,20925,12210,0.052000284
500_100_1_4_5,22654,16250,0,1170,892,10.78051662,861,28,10.00179863,2735,2396,10.04618764,22659,16256,2.484203815,22657,16256,0.079998255
500_100_1_5_5,25575,21149,0.001996517,1146,1082,11.17111301,943,30,10.00777578,1975,2134,10.04618645,25576,21153,3.780990362,25576,21153,0.053983927
500_100_2_1_5,5006,4072,0,777,744,12.03039742,183,63,10.00543261,4761,4072,10.15555811,5007,4072,0.203105211,5007,4072,0.051000357
500_100_2_2_5,9630,8372,0,1128,1096,10.90550852,166,66,10.0004909,4948,4929,10.04619288,9630,8372,0.624974966,9630,8372,0.047999382
500_100_2_3_5,13666,12210,0,769,713,11.57733464,160,48,10.0033257,3015,3028,10.06181359,13666,12210,1.249915123,13666,12210,0.081999302
500_100_2_4_5,17475,16256,0,1028,1032,11.21794939,132,40,10.00800633,2433,2396,10.06182957,17476,16256,1.96859622,17476,16256,0.047949553
500_100_2_5_5,22108,21153,0,1252,1226,11.34297681,162,66,10.00101185,2150,2134,10.04617429,22110,21153,3.124789715,22109,21153,0.071969509
500_100_3_1_5,6259,4259,0,1146,946,11.12422705,188,28,10.01823521,5750,4280,10.14897203,6280,4280,0.34374094,6280,4280,0.031948566
500_100_3_2_5,11205,8315,0.015604734,1252,1062,11.35213065,173,23,10.00359106,5999,4969,10.08710432,11213,8323,0.999928713,11213,8323,0.034968615
500_100_3_3_5,15793,12243,0,999,809,11.34297848,182,32,10.01309037,3598,2928,10.04619408,15823,12273,1.859232903,15823,12273,0.038000107
500_100_3_4_5,20384,16294,0,1294,1104,10.71802187,177,27,10.01241302,3260,2760,10.06182981,20398,16308,2.874801874,20398,16308,0.062000513
500_100_3_5_5,26196,21646,0,1432,1242,11.21797109,164,24,10.00266647,2630,2260,10.04619074,26205,21655,4.109089136,26205,21655,0.035959959
500_100_4_1_5,4280,4280,0.000998497,946,946,11.87413454,787,787,10.00406647,4280,4280,15.62394929,4280,4280,0.031247377,4280,4280,0.053998232
500_100_4_2_5,8323,8323,0.001997471,1062,1062,10.92112803,854,854,10.00680089,5456,5456,24.99827576,8323,8323,0.187489986,8323,8323,0.037999868
500_100_4_3_5,12273,12273,0,809,809,11.5617137,571,571,10.03625989,2984,2984,10.28054857,12273,12273,0.515589952,12273,12273,0.059000015
500_100_4_4_5,16307,16307,0.015644312,1099,1099,11.17111397,905,905,10.00375366,2781,2781,10.23367691,16308,16308,1.281158209,16308,16308,0.05205965
500_100_4_5_5,21655,21655,0,1242,1242,11.34297752,871,871,10.00947118,2292,2292,10.09307623,21655,21655,2.437353134,21655,21655,0.037000656
500_500_1_1_5,62304,20233,0,6043,5350,11.21798539,5529,158,10.00587702,11541,11084,10.13991761,62328,20239,1.39051342,62328,20239,0.096966028
500_500_1_2_5,79974,42668,0,5571,4996,11.45232773,4249,181,10.00478745,5513,4522,10.18680167,79974,42668,4.03097558,79974,42668,0.085999727
500_500_1_3_5,103029,64681,0,3951,4726,11.24923611,4742,86,10.0155201,2768,3242,10.13993406,103044,64710,7.733828545,103042,64709,0.10900116
500_500_1_4_5,114925,82218,0,5711,5332,10.82738876,4841,94,10.00557899,2866,2558,10.15556002,114940,82254,11.9991827,114940,82254,0.074961662
500_500_1_5_5,128604,104552,0,4658,5075,11.28048515,5047,117,10.01248026,1493,1978,10.17119527,128608,104567,18.60122228,128604,104552,0.052015305
500_500_2_1_5,24426,20239,0.000998735,5235,5234,11.81169939,827,356,10.0100131,10899,11084,10.12429047,24446,20239,1.028203011,24445,20239,0.143999815
500_500_2_2_5,48447,42667,0.000999689,4948,4863,10.76488876,1090,498,10.00625706,4493,4321,10.16320801,48459,42672,3.319893122,48459,42672,0.076999664
500_500_2_3_5,70895,64706,0,4582,4711,11.67104959,785,195,10.00775218,3168,3242,10.13992929,70918,64710,6.679589033,70913,64705,0.159998655
500_500_2_4_5,88929,82255,0,5246,5170,11.09297848,681,206,10.00254273,2607,2558,10.13993216,88937,82256,9.999332666,88931,82254,0.148035049
500_500_2_5_5,109428,104567,0,5434,5246,11.42109632,797,326,10.00256157,2042,1978,10.15556097,109432,104570,15.67078686,109424,104569,0.115014791
500_500_3_1_5,23197,21177,0,5895,5705,11.07736921,346,186,10.00415897,11793,11393,10.15555882,23333,21313,1.749880791,23333,21313,0.423000097
500_500_3_2_5,45372,42512,0.015604496,5073,4883,11.48358035,286,136,10.00999928,4950,4760,10.13993335,45417,42557,4.765322208,45417,42557,0.088999033
500_500_3_3_5,68317,64817,0,4704,4544,11.26482725,231,81,10.0065496,3123,3003,10.13994956,68573,65073,9.093127966,68573,65073,0.281014204
500_500_3_4_5,87321,83241,0,6005,5825,10.78051591,264,114,10.01390457,2621,2531,10.13991714,87322,83242,13.57719946,87322,83242,0.048999071
500_500_3_5_5,112612,108072,0,4845,4655,11.17111158,301,161,10.00248337,2428,2358,10.13993096,113028,108488,19.76426053,113024,108484,0.247000694
500_500_4_1_5,21313,21313,0,5705,5705,11.74919748,5106,5106,10.01143289,12150,12150,10.20243335,21313,21313,0.124991894,21313,21313,0.051002264
500_500_4_2_5,42556,42556,0,4883,4883,10.843009,3954,3954,10.01489234,4760,4760,10.13993359,42557,42557,0.937435865,42557,42557,0.040962458
500_500_4_3_5,65073,65073,0.00199914,4544,4544,11.49921584,3371,3371,10.00449634,3003,3003,10.1399498,65073,65073,2.593574047,65073,65073,0.043017387
500_500_4_4_5,83242,83242,0,6123,6123,11.21795416,4505,4505,10.00763202,2531,2531,10.13993192,83242,83242,6.672151566,83242,83242,0.056999683
500_500_4_5_5,108463,108463,0,4647,4647,11.26480007,3471,3471,10.00060916,2358,2358,10.15557766,108488,108488,13.03850961,108488,108488,0.058001757
500_1000_1_1_5,121989,41395,0,9043,13350,11.15548849,8728,222,10.00157332,9043,13350,10.45243073,122093,41405,2.718564034,122093,41405,0.098000288
500_1000_1_2_5,161534,84289,0,12406,10478,11.51483655,9189,271,10.00472784,5557,4937,10.26490712,161592,84330,8.336809397,161592,84330,0.080965042
500_1000_1_3_5,204619,124432,0,9951,10226,11.43012285,9921,229,10.25666261,2956,1547,10.28054881,204633,124456,14.96848488,204633,124456,0.073000431
500_1000_1_4_5,230673,171851,0,11711,9832,10.8898797,10132,239,10.00265551,3229,2637,10.28054309,230711,171920,24.38348985,230711,171920,0.0989995
500_1000_1_5_5,252389,209559,0,8658,11575,11.23361039,9693,203,10.00157738,1534,1897,10.27397823,252403,209557,36.54440045,252403,209557,0.063969851
500_1000_2_1_5,48867,41404,0,13720,13275,11.93668485,1509,593,10.02598524,13835,13350,10.38991427,48883,41406,2.031108856,48883,41406,0.10198164
500_1000_2_2_5,96127,84334,0,10948,10836,10.78051734,1573,520,10.00558519,5178,4937,10.26492739,96131,84338,6.093318224,96131,84338,0.063996315
500_1000_2_3_5,136673,124457,0.01560545,10031,10206,11.57727551,1537,576,10.00360322,1488,1547,10.2649281,136708,124460,11.63982916,136705,124458,0.225986719
500_1000_2_4_5,182465,171922,0.001998425,9586,9617,11.06172609,1728,739,10.0048759,2670,2637,10.28054881,182466,171922,20.96731949,182465,171922,0.24696207
500_1000_2_5_5,216990,209569,0.000998735,11833,12026,11.35860014,1846,783,10.00300384,1831,1897,10.26492214,217026,209570,31.05472541,217026,209569,0.095030308
500_1000_3_1_5,44994,43004,0,12361,12171,11.10858583,439,279,10.00794888,12302,12112,10.26492882,45303,43313,3.390373707,45303,43313,0.168962479
500_1000_3_2_5,86564,83654,0,11588,11398,11.40547299,375,225,10.00243258,5316,5226,10.24929976,86633,83723,9.811833382,86633,83723,0.150998116
500_1000_3_3_5,132774,129264,0,9742,9572,11.20236301,333,183,10.00751519,1641,1581,10.26492858,132833,129323,18.51436353,132824,129314,0.108999729
500_1000_3_4_5,174046,169986,0,12542,12352,10.88988495,507,367,10.00179243,2877,2837,10.26492548,174635,170575,27.23972487,174624,170574,0.233999014
500_1000_3_5_5,221314,216774,0,9845,9655,11.13986897,391,251,10.00598097,1837,1807,10.28054833,222195,217655,39.16918778,222182,217642,0.223014832
500_1000_4_1_5,43312,43312,0,12171,12171,11.71795106,10606,10606,10.0190444,12112,12112,10.24928117,43313,43313,0.234357119,43313,43313,0.052999973
500_1000_4_2_5,83721,83721,0,11398,11398,10.90550566,9954,9954,10.00496531,5226,5226,10.26492405,83723,83723,1.749881506,83723,83723,0.056999683
500_1000_4_3_5,129321,129321,0.015609026,9477,9477,11.78045297,6371,6371,10.00195765,1581,1581,10.26492548,129323,129323,5.296513557,129323,129323,0.076999664
500_1000_4_4_5,170571,170571,0.000999212,12297,12297,11.32088804,9505,9505,10.00232601,2837,2837,10.28055191,170575,170575,13.15535069,170575,170575,0.062999725
500_1000_4_5_5,217629,217629,0,9619,9619,11.39445519,7066,7066,10.0061543,1807,1807,10.28054953,217655,217655,24.68583727,217655,217655,0.045011282
